Submission ID,Soumis le
Eq66bXr,2026-08-29T21:20:04.000Z
aOzQqMW,2026-08-26T14:55:57.000Z
8NMvJNY,2026-08-26T08:41:25.000Z
bZvRdM0,2026-08-24T21:15:48.000Z
PRkeGN0,2026-08-24T11:49:54.000Z
7XMzdzR,2026-08-24T11:12:04.000Z
yXzyre0,2026-08-21T18:50:01.000Z
bZ6MlBE,2026-08-18T15:41:03.000Z
5XpqQrP,2026-08-16T17:36:18.000Z
dbkAj8d,2026-08-15T19:34:28.000Z
kbkAaEe,2026-08-15T18:14:40.000Z
q5JJv5O,2026-08-10T13:09:10.000Z
QozvXl1,2026-08-10T10:08:29.000Z
8N6eWEx,2026-08-08T19:18:33.000Z
OQbAGZ7,2026-08-08T08:24:01.000Z
J1e1QKr,2026-08-06T18:57:31.000Z
X5ORXyz,2026-07-25T16:59:57.000Z
xVN5qMo,2026-07-13T18:33:01.000Z
rDrMb9N,2026-07-13T18:01:50.000Z
